LGA_NAME16	Year	medianAgeOfPersons
Albury (C)	2006	36
Armidale Regional (A)	2006	35
Ballina (A)	2006	43
Balranald (A)	2006	38
Bathurst Regional (A)	2006	35
Bega Valley (A)	2006	45
Bellingen (A)	2006	44
Berrigan (A)	2006	45
Blacktown (C)	2006	32
Bland (A)	2006	40
Blayney (A)	2006	39
Blue Mountains (C)	2006	39
Bogan (A)	2006	37
Botany Bay (C)	2006	37
Bourke (A)	2006	33
Brewarrina (A)	2006	31
Broken Hill (C)	2006	42
Burwood (A)	2006	36
Byron (A)	2006	41
Cabonne (A)	2006	41
Camden (A)	2006	32
Campbelltown (C) (NSW)	2006	32
Canada Bay (A)	2006	37
Canterbury-Bankstown (A)	2006	35
Carrathool (A)	2006	38
Central Coast (C) (NSW)	2006	40
Central Darling (A)	2006	39
Cessnock (C)	2006	37
Clarence Valley (A)	2006	44
Cobar (A)	2006	35
Coffs Harbour (C)	2006	41
Coolamon (A)	2006	40
Coonamble (A)	2006	39
Cowra (A)	2006	41
Cumberland (A)	2006	33
Dungog (A)	2006	41
Edward River (A)	2006	40
Eurobodalla (A)	2006	47
Fairfield (C)	2006	34
Federation (A)	2006	44
Forbes (A)	2006	39
Georges River (A)	2006	38
Gilgandra (A)	2006	41
Glen Innes Severn (A)	2006	43
Goulburn Mulwaree (A)	2006	39
Greater Hume Shire (A)	2006	41
Griffith (C)	2006	35
Gundagai (A)	2006	42
Gunnedah (A)	2006	40
Gwydir (A)	2006	43
Hawkesbury (C)	2006	34
Hay (A)	2006	39
Hilltops (A)	2006	40
Hornsby (A)	2006	38
Hunters Hill (A)	2006	41
Inner West (A)	2006	36
Inverell (A)	2006	39
Junee (A)	2006	36
Kempsey (A)	2006	42
Kiama (A)	2006	43
Ku-ring-gai (A)	2006	41
Kyogle (A)	2006	42
Lachlan (A)	2006	40
Lake Macquarie (C)	2006	40
Lane Cove (A)	2006	37
Leeton (A)	2006	35
Lismore (C)	2006	38
Lithgow (C)	2006	40
Liverpool (C)	2006	32
Liverpool Plains (A)	2006	43
Lockhart (A)	2006	42
Maitland (C)	2006	35
Mid-Coast (A)	2006	46
Mid-Western Regional (A)	2006	41
Moree Plains (A)	2006	34
Mosman (A)	2006	40
Murray River (A)	2006	43
Murrumbidgee (A)	2006	39
Muswellbrook (A)	2006	34
Nambucca (A)	2006	46
Narrabri (A)	2006	37
Narrandera (A)	2006	41
Narromine (A)	2006	38
Newcastle (C)	2006	37
North Sydney (A)	2006	35
Northern Beaches (A)	2006	38
Oberon (A)	2006	38
Orange (C)	2006	36
Parkes (A)	2006	38
Parramatta (C)	2006	35
Penrith (C)	2006	32
Port Macquarie-Hastings (A)	2006	45
Port Stephens (A)	2006	40
Queanbeyan-Palerang Regional (A)	2006	36
Randwick (C)	2006	35
Richmond Valley (A)	2006	41
Rockdale (C)	2006	37
Ryde (C)	2006	37
Shellharbour (C)	2006	35
Shoalhaven (C)	2006	44
Singleton (A)	2006	34
Snowy Monaro Regional (A)	2006	40
Snowy Valleys (A)	2006	40
Strathfield (A)	2006	34
Sutherland Shire (A)	2006	37
Sydney (C)	2006	32
Tamworth Regional (A)	2006	38
Temora (A)	2006	42
Tenterfield (A)	2006	44
The Hills Shire (A)	2006	35
Tweed (A)	2006	44
Upper Hunter Shire (A)	2006	39
Upper Lachlan Shire (A)	2006	44
Uralla (A)	2006	41
Wagga Wagga (C)	2006	33
Walcha (A)	2006	42
Walgett (A)	2006	39
Warren (A)	2006	40
Warrumbungle Shire (A)	2006	43
Waverley (A)	2006	35
Weddin (A)	2006	45
Wentworth (A)	2006	39
Western Plains Regional (A)	2006	36
Willoughby (C)	2006	36
Wingecarribee (A)	2006	42
Wollondilly (A)	2006	34
Wollongong (C)	2006	37
Woollahra (A)	2006	38
Yass Valley (A)	2006	39
Unincorporated NSW	2006	43
No usual address (NSW)	2006	35
Migratory - Offshore - Shipping (NSW)	2006	34
Alpine (S)	2006	45
Ararat (RC)	2006	43
Ballarat (C)	2006	36
Banyule (C)	2006	38
Bass Coast (S)	2006	46
Baw Baw (S)	2006	39
Bayside (C)	2006	41
Benalla (RC)	2006	44
Boroondara (C)	2006	38
Brimbank (C)	2006	35
Buloke (S)	2006	45
Campaspe (S)	2006	40
Cardinia (S)	2006	35
Casey (C)	2006	32
Central Goldfields (S)	2006	46
Colac-Otway (S)	2006	40
Corangamite (S)	2006	41
Darebin (C)	2006	36
East Gippsland (S)	2006	45
Frankston (C)	2006	36
Gannawarra (S)	2006	43
Glen Eira (C)	2006	38
Glenelg (S)	2006	41
Golden Plains (S)	2006	38
Greater Bendigo (C)	2006	37
Greater Dandenong (C)	2006	36
Greater Geelong (C)	2006	38
Greater Shepparton (C)	2006	36
Hepburn (S)	2006	44
Hindmarsh (S)	2006	45
Hobsons Bay (C)	2006	37
Horsham (RC)	2006	39
Hume (C)	2006	32
Indigo (S)	2006	42
Kingston (C) (Vic.)	2006	38
Knox (C)	2006	36
Latrobe (C) (Vic.)	2006	37
Loddon (S)	2006	46
Macedon Ranges (S)	2006	39
Manningham (C)	2006	41
Mansfield (S)	2006	44
Maribyrnong (C)	2006	34
Maroondah (C)	2006	37
Melbourne (C)	2006	28
Melton (C)	2006	31
Mildura (RC)	2006	37
Mitchell (S)	2006	35
Moira (S)	2006	42
Monash (C)	2006	38
Moonee Valley (C)	2006	38
Moorabool (S)	2006	37
Moreland (C)	2006	36
Mornington Peninsula (S)	2006	42
Mount Alexander (S)	2006	44
Moyne (S)	2006	40
Murrindindi (S)	2006	42
Nillumbik (S)	2006	36
Northern Grampians (S)	2006	42
Port Phillip (C)	2006	35
Pyrenees (S)	2006	45
Queenscliffe (B)	2006	53
South Gippsland (S)	2006	43
Southern Grampians (S)	2006	42
Stonnington (C)	2006	36
Strathbogie (S)	2006	47
Surf Coast (S)	2006	39
Swan Hill (RC)	2006	38
Towong (S)	2006	45
Wangaratta (RC)	2006	41
Warrnambool (C)	2006	36
Wellington (S)	2006	40
West Wimmera (S)	2006	44
Whitehorse (C)	2006	38
Whittlesea (C)	2006	34
Wodonga (C)	2006	34
Wyndham (C)	2006	32
Yarra (C)	2006	33
Yarra Ranges (S)	2006	37
Yarriambiack (S)	2006	46
Unincorporated Vic	2006	31
No usual address (Vic.)	2006	31
Migratory - Offshore - Shipping (Vic.)	2006	45
Aurukun (S)	2006	25
Balonne (S)	2006	34
Banana (S)	2006	35
Barcaldine (R)	2006	37
Barcoo (S)	2006	38
Blackall-Tambo (R)	2006	41
Boulia (S)	2006	32
Brisbane (C)	2006	34
Bulloo (S)	2006	35
Bundaberg (R)	2006	41
Burdekin (S)	2006	40
Burke (S)	2006	34
Cairns (R)	2006	35
Carpentaria (S)	2006	34
Cassowary Coast (R)	2006	40
Central Highlands (R) (Qld)	2006	31
Charters Towers (R)	2006	36
Cherbourg (S)	2006	19
Cloncurry (S)	2006	30
Cook (S)	2006	40
Croydon (S)	2006	31
Diamantina (S)	2006	35
Doomadgee (S)	2006	21
Douglas (S)	2006	37
Etheridge (S)	2006	39
Flinders (S) (Qld)	2006	36
Fraser Coast (R)	2006	43
Gladstone (R)	2006	34
Gold Coast (C)	2006	37
Goondiwindi (R)	2006	36
Gympie (R)	2006	41
Hinchinbrook (S)	2006	43
Hope Vale (S)	2006	27
Ipswich (C)	2006	33
Isaac (R)	2006	31
Kowanyama (S)	2006	28
Livingstone (S)	2006	40
Lockhart River (S)	2006	25
Lockyer Valley (R)	2006	38
Logan (C)	2006	33
Longreach (R)	2006	34
Mackay (R)	2006	35
McKinlay (S)	2006	35
Mapoon (S)	2006	29
Maranoa (R)	2006	35
Mareeba (S)	2006	40
Moreton Bay (R)	2006	36
Mornington (S)	2006	27
Mount Isa (C)	2006	30
Murweh (S)	2006	36
Napranum (S)	2006	24
Noosa (S)	2006	43
North Burnett (R)	2006	42
Northern Peninsula Area (R)	2006	21
Palm Island (S)	2006	22
Paroo (S)	2006	39
Pormpuraaw (S)	2006	31
Quilpie (S)	2006	38
Redland (C)	2006	38
Richmond (S)	2006	34
Rockhampton (R)	2006	35
Scenic Rim (R)	2006	41
Somerset (R)	2006	41
South Burnett (R)	2006	40
Southern Downs (R)	2006	40
Sunshine Coast (R)	2006	40
Tablelands (R)	2006	42
Toowoomba (R)	2006	36
Torres (S)	2006	26
Torres Strait Island (R)	2006	23
Townsville (C)	2006	33
Weipa (T)	2006	31
Western Downs (R)	2006	37
Whitsunday (R)	2006	37
Winton (S)	2006	40
Woorabinda (S)	2006	20
Wujal Wujal (S)	2006	28
Yarrabah (S)	2006	21
No usual address (Qld)	2006	41
Migratory - Offshore - Shipping (Qld)	2006	44
Adelaide (C)	2006	32
Adelaide Hills (DC)	2006	40
Alexandrina (DC)	2006	45
Anangu Pitjantjatjara (AC)	2006	26
Barossa (DC)	2006	40
Barunga West (DC)	2006	47
Berri and Barmera (DC)	2006	39
Burnside (C)	2006	43
Campbelltown (C) (SA)	2006	40
Ceduna (DC)	2006	35
Charles Sturt (C)	2006	41
Clare and Gilbert Valleys (DC)	2006	42
Cleve (DC)	2006	39
Coober Pedy (DC)	2006	44
Copper Coast (DC)	2006	46
Elliston (DC)	2006	38
Flinders Ranges (DC)	2006	45
Franklin Harbour (DC)	2006	45
Gawler (T)	2006	39
Goyder (DC)	2006	43
Grant (DC)	2006	39
Holdfast Bay (C)	2006	45
Kangaroo Island (DC)	2006	43
Karoonda East Murray (DC)	2006	44
Kimba (DC)	2006	42
Kingston (DC) (SA)	2006	44
Light (RegC)	2006	36
Lower Eyre Peninsula (DC)	2006	40
Loxton Waikerie (DC)	2006	41
Mallala (DC)	2006	37
Maralinga Tjarutja (AC)	2006	33
Marion (C)	2006	40
Mid Murray (DC)	2006	46
Mitcham (C)	2006	40
Mount Barker (DC)	2006	36
Mount Gambier (C)	2006	36
Mount Remarkable (DC)	2006	46
Murray Bridge (RC)	2006	39
Naracoorte and Lucindale (DC)	2006	38
Northern Areas (DC)	2006	43
Norwood Payneham St Peters (C)	2006	39
Onkaparinga (C)	2006	37
Orroroo/Carrieton (DC)	2006	46
Peterborough (DC)	2006	46
Playford (C)	2006	34
Port Adelaide Enfield (C)	2006	38
Port Augusta (C)	2006	36
Port Lincoln (C)	2006	36
Port Pirie City and Dists (M)	2006	40
Prospect (C)	2006	36
Renmark Paringa (DC)	2006	39
Robe (DC)	2006	42
Roxby Downs (M)	2006	29
Salisbury (C)	2006	35
Southern Mallee (DC)	2006	40
Streaky Bay (DC)	2006	41
Tatiara (DC)	2006	37
Tea Tree Gully (C)	2006	37
The Coorong (DC)	2006	40
Tumby Bay (DC)	2006	47
Unley (C)	2006	38
Victor Harbor (C)	2006	54
Wakefield (DC)	2006	41
Walkerville (M)	2006	44
Wattle Range (DC)	2006	39
West Torrens (C)	2006	38
Whyalla (C)	2006	37
Wudinna (DC)	2006	38
Yankalilla (DC)	2006	48
Yorke Peninsula (DC)	2006	49
Unincorporated SA	2006	38
No usual address (SA)	2006	35
Migratory - Offshore - Shipping (SA)	2006	32
Albany (C)	2006	39
Armadale (C)	2006	36
Ashburton (S)	2006	31
Augusta-Margaret River (S)	2006	37
Bassendean (T)	2006	39
Bayswater (C)	2006	38
Belmont (C)	2006	37
Beverley (S)	2006	49
Boddington (S)	2006	39
Boyup Brook (S)	2006	43
Bridgetown-Greenbushes (S)	2006	44
Brookton (S)	2006	42
Broome (S)	2006	32
Broomehill-Tambellup (S)	2006	35
Bruce Rock (S)	2006	43
Bunbury (C)	2006	37
Busselton (C)	2006	38
Cambridge (T)	2006	39
Canning (C)	2006	35
Capel (S)	2006	34
Carnamah (S)	2006	37
Carnarvon (S)	2006	35
Chapman Valley (S)	2006	40
Chittering (S)	2006	40
Claremont (T)	2006	42
Cockburn (C)	2006	34
Collie (S)	2006	37
Coolgardie (S)	2006	30
Coorow (S)	2006	41
Corrigin (S)	2006	40
Cottesloe (T)	2006	40
Cranbrook (S)	2006	39
Cuballing (S)	2006	41
Cue (S)	2006	37
Cunderdin (S)	2006	39
Dalwallinu (S)	2006	36
Dandaragan (S)	2006	41
Dardanup (S)	2006	35
Denmark (S)	2006	44
Derby-West Kimberley (S)	2006	28
Donnybrook-Balingup (S)	2006	41
Dowerin (S)	2006	37
Dumbleyung (S)	2006	40
Dundas (S)	2006	36
East Fremantle (T)	2006	40
East Pilbara (S)	2006	30
Esperance (S)	2006	36
Exmouth (S)	2006	37
Fremantle (C)	2006	41
Gingin (S)	2006	43
Gnowangerup (S)	2006	35
Goomalling (S)	2006	40
Gosnells (C)	2006	33
Greater Geraldton (C)	2006	35
Halls Creek (S)	2006	25
Harvey (S)	2006	36
Irwin (S)	2006	42
Jerramungup (S)	2006	38
Joondalup (C)	2006	36
Kalamunda (S)	2006	37
Kalgoorlie/Boulder (C)	2006	30
Karratha (C)	2006	31
Katanning (S)	2006	35
Kellerberrin (S)	2006	42
Kent (S)	2006	35
Kojonup (S)	2006	39
Kondinin (S)	2006	34
Koorda (S)	2006	43
Kulin (S)	2006	37
Kwinana (C)	2006	33
Lake Grace (S)	2006	38
Laverton (S)	2006	36
Leonora (S)	2006	31
Mandurah (C)	2006	43
Manjimup (S)	2006	39
Meekatharra (S)	2006	32
Melville (C)	2006	40
Menzies (S)	2006	40
Merredin (S)	2006	36
Mingenew (S)	2006	37
Moora (S)	2006	36
Morawa (S)	2006	36
Mosman Park (T)	2006	38
Mount Magnet (S)	2006	36
Mount Marshall (S)	2006	35
Mukinbudin (S)	2006	39
Mundaring (S)	2006	39
Murchison (S)	2006	35
Murray (S)	2006	43
Nannup (S)	2006	46
Narembeen (S)	2006	41
Narrogin (S)	2006	35
Nedlands (C)	2006	40
Ngaanyatjarraku (S)	2006	27
Northam (S)	2006	38
Northampton (S)	2006	43
Nungarin (S)	2006	38
Peppermint Grove (S)	2006	39
Perenjori (S)	2006	38
Perth (C)	2006	34
Pingelly (S)	2006	43
Plantagenet (S)	2006	41
Port Hedland (T)	2006	31
Quairading (S)	2006	44
Ravensthorpe (S)	2006	38
Rockingham (C)	2006	35
Sandstone (S)	2006	48
Serpentine-Jarrahdale (S)	2006	37
Shark Bay (S)	2006	45
South Perth (C)	2006	36
Stirling (C)	2006	37
Subiaco (C)	2006	36
Swan (C)	2006	33
Tammin (S)	2006	38
Three Springs (S)	2006	37
Toodyay (S)	2006	43
Trayning (S)	2006	42
Upper Gascoyne (S)	2006	26
Victoria Park (T)	2006	35
Victoria Plains (S)	2006	39
Vincent (C)	2006	35
Wagin (S)	2006	42
Wandering (S)	2006	43
Wanneroo (C)	2006	33
Waroona (S)	2006	40
West Arthur (S)	2006	39
Westonia (S)	2006	36
Wickepin (S)	2006	39
Williams (S)	2006	42
Wiluna (S)	2006	33
Wongan-Ballidu (S)	2006	38
Woodanilling (S)	2006	36
Wyalkatchem (S)	2006	42
Wyndham-East Kimberley (S)	2006	31
Yalgoo (S)	2006	39
Yilgarn (S)	2006	37
York (S)	2006	45
No usual address (WA)	2006	38
Migratory - Offshore - Shipping (WA)	2006	36
Break O'Day (M)	2006	46
Brighton (M)	2006	31
Burnie (C)	2006	37
Central Coast (M) (Tas.)	2006	42
Central Highlands (M) (Tas.)	2006	43
Circular Head (M)	2006	37
Clarence (C)	2006	40
Derwent Valley (M)	2006	38
Devonport (C)	2006	39
Dorset (M)	2006	42
Flinders (M) (Tas.)	2006	48
George Town (M)	2006	39
Glamorgan/Spring Bay (M)	2006	49
Glenorchy (C)	2006	39
Hobart (C)	2006	37
Huon Valley (M)	2006	39
Kentish (M)	2006	39
King Island (M)	2006	41
Kingborough (M)	2006	39
Latrobe (M) (Tas.)	2006	41
Launceston (C)	2006	37
Meander Valley (M)	2006	39
Northern Midlands (M)	2006	40
Sorell (M)	2006	39
Southern Midlands (M)	2006	39
Tasman (M)	2006	47
Waratah/Wynyard (M)	2006	41
West Coast (M)	2006	37
West Tamar (M)	2006	40
No usual address (Tas.)	2006	33
Migratory - Offshore - Shipping (Tas.)	2006	40
Alice Springs (T)	2006	33
Barkly (R)	2006	27
Belyuen (S)	2006	23
Central Desert (R)	2006	25
Coomalie (S)	2006	41
Darwin (C)	2006	33
East Arnhem (R)	2006	24
Katherine (T)	2006	31
Litchfield (M)	2006	36
MacDonnell (R)	2006	25
Palmerston (C)	2006	28
Roper Gulf (R)	2006	23
Tiwi Islands (R)	2006	26
Victoria Daly (R)	2006	24
Wagait (S)	2006	48
West Arnhem (R)	2006	25
West Daly (R)	2006	20
Unincorporated NT	2006	33
No usual address (NT)	2006	45
Migratory - Offshore - Shipping (NT)	2006	26
Unincorporated ACT	2006	34
No usual address (ACT)	2006	27
Migratory - Offshore - Shipping (ACT)	2006	0
Unincorp. Other Territories	2006	36
No usual address (OT)	2006	25
Migratory - Offshore - Shipping (OT)	2006	0
Albury (C)	2011	37
Armidale Regional (A)	2011	36
Ballina (A)	2011	45
Balranald (A)	2011	41
Bathurst Regional (A)	2011	36
Bega Valley (A)	2011	48
Bellingen (A)	2011	46
Berrigan (A)	2011	48
Blacktown (C)	2011	32
Bland (A)	2011	41
Blayney (A)	2011	40
Blue Mountains (C)	2011	42
Bogan (A)	2011	39
Botany Bay (C)	2011	37
Bourke (A)	2011	35
Brewarrina (A)	2011	33
Broken Hill (C)	2011	43
Burwood (A)	2011	35
Byron (A)	2011	42
Cabonne (A)	2011	42
Camden (A)	2011	34
Campbelltown (C) (NSW)	2011	33
Canada Bay (A)	2011	37
Canterbury-Bankstown (A)	2011	35
Carrathool (A)	2011	40
Central Coast (C) (NSW)	2011	41
Central Darling (A)	2011	39
Cessnock (C)	2011	37
Clarence Valley (A)	2011	46
Cobar (A)	2011	35
Coffs Harbour (C)	2011	42
Coolamon (A)	2011	43
Coonamble (A)	2011	40
Cowra (A)	2011	45
Cumberland (A)	2011	32
Dungog (A)	2011	44
Edward River (A)	2011	43
Eurobodalla (A)	2011	50
Fairfield (C)	2011	36
Federation (A)	2011	46
Forbes (A)	2011	41
Georges River (A)	2011	37
Gilgandra (A)	2011	44
Glen Innes Severn (A)	2011	46
Goulburn Mulwaree (A)	2011	41
Greater Hume Shire (A)	2011	43
Griffith (C)	2011	36
Gundagai (A)	2011	45
Gunnedah (A)	2011	40
Gwydir (A)	2011	45
Hawkesbury (C)	2011	36
Hay (A)	2011	44
Hilltops (A)	2011	42
Hornsby (A)	2011	39
Hunters Hill (A)	2011	42
Inner West (A)	2011	36
Inverell (A)	2011	41
Junee (A)	2011	39
Kempsey (A)	2011	45
Kiama (A)	2011	45
Ku-ring-gai (A)	2011	41
Kyogle (A)	2011	45
Lachlan (A)	2011	41
Lake Macquarie (C)	2011	41
Lane Cove (A)	2011	37
Leeton (A)	2011	36
Lismore (C)	2011	40
Lithgow (C)	2011	42
Liverpool (C)	2011	33
Liverpool Plains (A)	2011	44
Lockhart (A)	2011	44
Maitland (C)	2011	36
Mid-Coast (A)	2011	49
Mid-Western Regional (A)	2011	41
Moree Plains (A)	2011	35
Mosman (A)	2011	40
Murray River (A)	2011	47
Murrumbidgee (A)	2011	41
Muswellbrook (A)	2011	34
Nambucca (A)	2011	49
Narrabri (A)	2011	39
Narrandera (A)	2011	42
Narromine (A)	2011	39
Newcastle (C)	2011	37
North Sydney (A)	2011	36
Northern Beaches (A)	2011	39
Oberon (A)	2011	41
Orange (C)	2011	36
Parkes (A)	2011	39
Parramatta (C)	2011	35
Penrith (C)	2011	34
Port Macquarie-Hastings (A)	2011	47
Port Stephens (A)	2011	42
Queanbeyan-Palerang Regional (A)	2011	37
Randwick (C)	2011	35
Richmond Valley (A)	2011	42
Rockdale (C)	2011	36
Ryde (C)	2011	36
Shellharbour (C)	2011	37
Shoalhaven (C)	2011	46
Singleton (A)	2011	35
Snowy Monaro Regional (A)	2011	41
Snowy Valleys (A)	2011	42
Strathfield (A)	2011	33
Sutherland Shire (A)	2011	39
Sydney (C)	2011	32
Tamworth Regional (A)	2011	39
Temora (A)	2011	44
Tenterfield (A)	2011	48
The Hills Shire (A)	2011	37
Tweed (A)	2011	45
Upper Hunter Shire (A)	2011	39
Upper Lachlan Shire (A)	2011	46
Uralla (A)	2011	42
Wagga Wagga (C)	2011	34
Walcha (A)	2011	45
Walgett (A)	2011	41
Warren (A)	2011	42
Warrumbungle Shire (A)	2011	45
Waverley (A)	2011	35
Weddin (A)	2011	47
Wentworth (A)	2011	41
Western Plains Regional (A)	2011	37
Willoughby (C)	2011	37
Wingecarribee (A)	2011	45
Wollondilly (A)	2011	36
Wollongong (C)	2011	38
Woollahra (A)	2011	38
Yass Valley (A)	2011	40
Unincorporated NSW	2011	43
No usual address (NSW)	2011	37
Migratory - Offshore - Shipping (NSW)	2011	64
Alpine (S)	2011	48
Ararat (RC)	2011	45
Ballarat (C)	2011	37
Banyule (C)	2011	39
Bass Coast (S)	2011	46
Baw Baw (S)	2011	40
Bayside (C)	2011	42
Benalla (RC)	2011	46
Boroondara (C)	2011	38
Brimbank (C)	2011	35
Buloke (S)	2011	48
Campaspe (S)	2011	42
Cardinia (S)	2011	34
Casey (C)	2011	33
Central Goldfields (S)	2011	48
Colac-Otway (S)	2011	42
Corangamite (S)	2011	43
Darebin (C)	2011	36
East Gippsland (S)	2011	47
Frankston (C)	2011	37
Gannawarra (S)	2011	47
Glen Eira (C)	2011	37
Glenelg (S)	2011	43
Golden Plains (S)	2011	39
Greater Bendigo (C)	2011	38
Greater Dandenong (C)	2011	35
Greater Geelong (C)	2011	39
Greater Shepparton (C)	2011	38
Hepburn (S)	2011	46
Hindmarsh (S)	2011	47
Hobsons Bay (C)	2011	38
Horsham (RC)	2011	40
Hume (C)	2011	33
Indigo (S)	2011	44
Kingston (C) (Vic.)	2011	39
Knox (C)	2011	38
Latrobe (C) (Vic.)	2011	39
Loddon (S)	2011	50
Macedon Ranges (S)	2011	41
Manningham (C)	2011	42
Mansfield (S)	2011	45
Maribyrnong (C)	2011	34
Maroondah (C)	2011	38
Melbourne (C)	2011	28
Melton (C)	2011	32
Mildura (RC)	2011	39
Mitchell (S)	2011	37
Moira (S)	2011	44
Monash (C)	2011	38
Moonee Valley (C)	2011	38
Moorabool (S)	2011	39
Moreland (C)	2011	35
Mornington Peninsula (S)	2011	43
Mount Alexander (S)	2011	47
Moyne (S)	2011	41
Murrindindi (S)	2011	45
Nillumbik (S)	2011	39
Northern Grampians (S)	2011	45
Port Phillip (C)	2011	35
Pyrenees (S)	2011	48
Queenscliffe (B)	2011	55
South Gippsland (S)	2011	44
Southern Grampians (S)	2011	43
Stonnington (C)	2011	35
Strathbogie (S)	2011	50
Surf Coast (S)	2011	40
Swan Hill (RC)	2011	39
Towong (S)	2011	47
Wangaratta (RC)	2011	43
Warrnambool (C)	2011	38
Wellington (S)	2011	41
West Wimmera (S)	2011	46
Whitehorse (C)	2011	39
Whittlesea (C)	2011	34
Wodonga (C)	2011	35
Wyndham (C)	2011	32
Yarra (C)	2011	33
Yarra Ranges (S)	2011	38
Yarriambiack (S)	2011	48
Unincorporated Vic	2011	30
No usual address (Vic.)	2011	32
Migratory - Offshore - Shipping (Vic.)	2011	48
Aurukun (S)	2011	25
Balonne (S)	2011	36
Banana (S)	2011	35
Barcaldine (R)	2011	39
Barcoo (S)	2011	42
Blackall-Tambo (R)	2011	41
Boulia (S)	2011	30
Brisbane (C)	2011	34
Bulloo (S)	2011	32
Bundaberg (R)	2011	43
Burdekin (S)	2011	41
Burke (S)	2011	36
Cairns (R)	2011	36
Carpentaria (S)	2011	37
Cassowary Coast (R)	2011	42
Central Highlands (R) (Qld)	2011	31
Charters Towers (R)	2011	38
Cherbourg (S)	2011	21
Cloncurry (S)	2011	33
Cook (S)	2011	38
Croydon (S)	2011	33
Diamantina (S)	2011	34
Doomadgee (S)	2011	22
Douglas (S)	2011	40
Etheridge (S)	2011	43
Flinders (S) (Qld)	2011	41
Fraser Coast (R)	2011	44
Gladstone (R)	2011	35
Gold Coast (C)	2011	37
Goondiwindi (R)	2011	38
Gympie (R)	2011	43
Hinchinbrook (S)	2011	46
Hope Vale (S)	2011	25
Ipswich (C)	2011	32
Isaac (R)	2011	31
Kowanyama (S)	2011	28
Livingstone (S)	2011	41
Lockhart River (S)	2011	25
Lockyer Valley (R)	2011	37
Logan (C)	2011	33
Longreach (R)	2011	34
Mackay (R)	2011	36
McKinlay (S)	2011	34
Mapoon (S)	2011	32
Maranoa (R)	2011	36
Mareeba (S)	2011	41
Moreton Bay (R)	2011	37
Mornington (S)	2011	26
Mount Isa (C)	2011	30
Murweh (S)	2011	37
Napranum (S)	2011	23
Noosa (S)	2011	46
North Burnett (R)	2011	44
Northern Peninsula Area (R)	2011	22
Palm Island (S)	2011	24
Paroo (S)	2011	39
Pormpuraaw (S)	2011	33
Quilpie (S)	2011	40
Redland (C)	2011	39
Richmond (S)	2011	38
Rockhampton (R)	2011	35
Scenic Rim (R)	2011	42
Somerset (R)	2011	41
South Burnett (R)	2011	42
Southern Downs (R)	2011	42
Sunshine Coast (R)	2011	41
Tablelands (R)	2011	44
Toowoomba (R)	2011	37
Torres (S)	2011	28
Torres Strait Island (R)	2011	23
Townsville (C)	2011	33
Weipa (T)	2011	30
Western Downs (R)	2011	37
Whitsunday (R)	2011	38
Winton (S)	2011	43
Woorabinda (S)	2011	21
Wujal Wujal (S)	2011	29
Yarrabah (S)	2011	22
No usual address (Qld)	2011	44
Migratory - Offshore - Shipping (Qld)	2011	47
Adelaide (C)	2011	30
Adelaide Hills (DC)	2011	42
Alexandrina (DC)	2011	47
Anangu Pitjantjatjara (AC)	2011	26
Barossa (DC)	2011	41
Barunga West (DC)	2011	50
Berri and Barmera (DC)	2011	42
Burnside (C)	2011	44
Campbelltown (C) (SA)	2011	41
Ceduna (DC)	2011	38
Charles Sturt (C)	2011	41
Clare and Gilbert Valleys (DC)	2011	43
Cleve (DC)	2011	43
Coober Pedy (DC)	2011	45
Copper Coast (DC)	2011	47
Elliston (DC)	2011	43
Flinders Ranges (DC)	2011	45
Franklin Harbour (DC)	2011	44
Gawler (T)	2011	40
Goyder (DC)	2011	46
Grant (DC)	2011	41
Holdfast Bay (C)	2011	45
Kangaroo Island (DC)	2011	46
Karoonda East Murray (DC)	2011	46
Kimba (DC)	2011	43
Kingston (DC) (SA)	2011	47
Light (RegC)	2011	38
Lower Eyre Peninsula (DC)	2011	40
Loxton Waikerie (DC)	2011	43
Mallala (DC)	2011	40
Maralinga Tjarutja (AC)	2011	38
Marion (C)	2011	39
Mid Murray (DC)	2011	48
Mitcham (C)	2011	41
Mount Barker (DC)	2011	38
Mount Gambier (C)	2011	38
Mount Remarkable (DC)	2011	49
Murray Bridge (RC)	2011	40
Naracoorte and Lucindale (DC)	2011	40
Northern Areas (DC)	2011	46
Norwood Payneham St Peters (C)	2011	39
Onkaparinga (C)	2011	38
Orroroo/Carrieton (DC)	2011	49
Peterborough (DC)	2011	50
Playford (C)	2011	32
Port Adelaide Enfield (C)	2011	37
Port Augusta (C)	2011	38
Port Lincoln (C)	2011	38
Port Pirie City and Dists (M)	2011	41
Prospect (C)	2011	37
Renmark Paringa (DC)	2011	40
Robe (DC)	2011	44
Roxby Downs (M)	2011	29
Salisbury (C)	2011	35
Southern Mallee (DC)	2011	43
Streaky Bay (DC)	2011	43
Tatiara (DC)	2011	39
Tea Tree Gully (C)	2011	40
The Coorong (DC)	2011	44
Tumby Bay (DC)	2011	48
Unley (C)	2011	39
Victor Harbor (C)	2011	56
Wakefield (DC)	2011	42
Walkerville (M)	2011	44
Wattle Range (DC)	2011	42
West Torrens (C)	2011	38
Whyalla (C)	2011	38
Wudinna (DC)	2011	38
Yankalilla (DC)	2011	51
Yorke Peninsula (DC)	2011	52
Unincorporated SA	2011	39
No usual address (SA)	2011	39
Migratory - Offshore - Shipping (SA)	2011	31
Albany (C)	2011	41
Armadale (C)	2011	34
Ashburton (S)	2011	33
Augusta-Margaret River (S)	2011	39
Bassendean (T)	2011	38
Bayswater (C)	2011	37
Belmont (C)	2011	35
Beverley (S)	2011	51
Boddington (S)	2011	38
Boyup Brook (S)	2011	44
Bridgetown-Greenbushes (S)	2011	46
Brookton (S)	2011	45
Broome (S)	2011	32
Broomehill-Tambellup (S)	2011	37
Bruce Rock (S)	2011	42
Bunbury (C)	2011	39
Busselton (C)	2011	39
Cambridge (T)	2011	39
Canning (C)	2011	34
Capel (S)	2011	34
Carnamah (S)	2011	43
Carnarvon (S)	2011	38
Chapman Valley (S)	2011	41
Chittering (S)	2011	41
Claremont (T)	2011	41
Cockburn (C)	2011	34
Collie (S)	2011	39
Coolgardie (S)	2011	31
Coorow (S)	2011	47
Corrigin (S)	2011	47
Cottesloe (T)	2011	40
Cranbrook (S)	2011	41
Cuballing (S)	2011	44
Cue (S)	2011	51
Cunderdin (S)	2011	38
Dalwallinu (S)	2011	39
Dandaragan (S)	2011	43
Dardanup (S)	2011	35
Denmark (S)	2011	46
Derby-West Kimberley (S)	2011	30
Donnybrook-Balingup (S)	2011	44
Dowerin (S)	2011	42
Dumbleyung (S)	2011	40
Dundas (S)	2011	37
East Fremantle (T)	2011	42
East Pilbara (S)	2011	32
Esperance (S)	2011	38
Exmouth (S)	2011	38
Fremantle (C)	2011	41
Gingin (S)	2011	44
Gnowangerup (S)	2011	37
Goomalling (S)	2011	41
Gosnells (C)	2011	33
Greater Geraldton (C)	2011	36
Halls Creek (S)	2011	26
Harvey (S)	2011	37
Irwin (S)	2011	44
Jerramungup (S)	2011	40
Joondalup (C)	2011	38
Kalamunda (S)	2011	38
Kalgoorlie/Boulder (C)	2011	31
Karratha (C)	2011	32
Katanning (S)	2011	36
Kellerberrin (S)	2011	44
Kent (S)	2011	36
Kojonup (S)	2011	42
Kondinin (S)	2011	38
Koorda (S)	2011	41
Kulin (S)	2011	41
Kwinana (C)	2011	32
Lake Grace (S)	2011	40
Laverton (S)	2011	36
Leonora (S)	2011	32
Mandurah (C)	2011	42
Manjimup (S)	2011	42
Meekatharra (S)	2011	34
Melville (C)	2011	40
Menzies (S)	2011	36
Merredin (S)	2011	36
Mingenew (S)	2011	38
Moora (S)	2011	37
Morawa (S)	2011	36
Mosman Park (T)	2011	38
Mount Magnet (S)	2011	36
Mount Marshall (S)	2011	39
Mukinbudin (S)	2011	44
Mundaring (S)	2011	41
Murchison (S)	2011	39
Murray (S)	2011	43
Nannup (S)	2011	49
Narembeen (S)	2011	45
Narrogin (S)	2011	37
Nedlands (C)	2011	41
Ngaanyatjarraku (S)	2011	28
Northam (S)	2011	40
Northampton (S)	2011	46
Nungarin (S)	2011	45
Peppermint Grove (S)	2011	41
Perenjori (S)	2011	38
Perth (C)	2011	32
Pingelly (S)	2011	44
Plantagenet (S)	2011	43
Port Hedland (T)	2011	31
Quairading (S)	2011	48
Ravensthorpe (S)	2011	38
Rockingham (C)	2011	34
Sandstone (S)	2011	51
Serpentine-Jarrahdale (S)	2011	35
Shark Bay (S)	2011	45
South Perth (C)	2011	36
Stirling (C)	2011	36
Subiaco (C)	2011	35
Swan (C)	2011	34
Tammin (S)	2011	42
Three Springs (S)	2011	40
Toodyay (S)	2011	47
Trayning (S)	2011	46
Upper Gascoyne (S)	2011	30
Victoria Park (T)	2011	34
Victoria Plains (S)	2011	40
Vincent (C)	2011	34
Wagin (S)	2011	44
Wandering (S)	2011	43
Wanneroo (C)	2011	32
Waroona (S)	2011	41
West Arthur (S)	2011	44
Westonia (S)	2011	42
Wickepin (S)	2011	43
Williams (S)	2011	42
Wiluna (S)	2011	34
Wongan-Ballidu (S)	2011	37
Woodanilling (S)	2011	40
Wyalkatchem (S)	2011	46
Wyndham-East Kimberley (S)	2011	31
Yalgoo (S)	2011	33
Yilgarn (S)	2011	38
York (S)	2011	47
No usual address (WA)	2011	40
Migratory - Offshore - Shipping (WA)	2011	36
Break O'Day (M)	2011	50
Brighton (M)	2011	33
Burnie (C)	2011	38
Central Coast (M) (Tas.)	2011	43
Central Highlands (M) (Tas.)	2011	45
Circular Head (M)	2011	38
Clarence (C)	2011	41
Derwent Valley (M)	2011	40
Devonport (C)	2011	40
Dorset (M)	2011	44
Flinders (M) (Tas.)	2011	52
George Town (M)	2011	42
Glamorgan/Spring Bay (M)	2011	53
Glenorchy (C)	2011	39
Hobart (C)	2011	38
Huon Valley (M)	2011	42
Kentish (M)	2011	43
King Island (M)	2011	45
Kingborough (M)	2011	40
Latrobe (M) (Tas.)	2011	44
Launceston (C)	2011	38
Meander Valley (M)	2011	42
Northern Midlands (M)	2011	43
Sorell (M)	2011	40
Southern Midlands (M)	2011	42
Tasman (M)	2011	51
Waratah/Wynyard (M)	2011	43
West Coast (M)	2011	39
West Tamar (M)	2011	42
No usual address (Tas.)	2011	37
Migratory - Offshore - Shipping (Tas.)	2011	43
Alice Springs (T)	2011	33
Barkly (R)	2011	27
Belyuen (S)	2011	28
Central Desert (R)	2011	27
Coomalie (S)	2011	44
Darwin (C)	2011	34
East Arnhem (R)	2011	25
Katherine (T)	2011	31
Litchfield (M)	2011	36
MacDonnell (R)	2011	27
Palmerston (C)	2011	28
Roper Gulf (R)	2011	24
Tiwi Islands (R)	2011	27
Victoria Daly (R)	2011	26
Wagait (S)	2011	49
West Arnhem (R)	2011	26
West Daly (R)	2011	21
Unincorporated NT	2011	33
No usual address (NT)	2011	45
Migratory - Offshore - Shipping (NT)	2011	34
Unincorporated ACT	2011	34
No usual address (ACT)	2011	31
Migratory - Offshore - Shipping (ACT)	2011	0
Unincorp. Other Territories	2011	32
No usual address (OT)	2011	30
Migratory - Offshore - Shipping (OT)	2011	0
Albury (C)	2016	39
Armidale Regional (A)	2016	36
Ballina (A)	2016	48
Balranald (A)	2016	41
Bathurst Regional (A)	2016	37
Bega Valley (A)	2016	51
Bellingen (A)	2016	49
Berrigan (A)	2016	49
Blacktown (C)	2016	33
Bland (A)	2016	43
Blayney (A)	2016	42
Blue Mountains (C)	2016	44
Bogan (A)	2016	40
Botany Bay (C)	2016	35
Bourke (A)	2016	36
Brewarrina (A)	2016	34
Broken Hill (C)	2016	45
Burwood (A)	2016	33
Byron (A)	2016	44
Cabonne (A)	2016	43
Camden (A)	2016	33
Campbelltown (C) (NSW)	2016	34
Canada Bay (A)	2016	36
Canterbury-Bankstown (A)	2016	35
Carrathool (A)	2016	40
Central Coast (C) (NSW)	2016	42
Central Darling (A)	2016	39
Cessnock (C)	2016	38
Clarence Valley (A)	2016	49
Cobar (A)	2016	36
Coffs Harbour (C)	2016	44
Coolamon (A)	2016	44
Coonamble (A)	2016	43
Cowra (A)	2016	47
Cumberland (A)	2016	32
Dungog (A)	2016	45
Edward River (A)	2016	45
Eurobodalla (A)	2016	54
Fairfield (C)	2016	36
Federation (A)	2016	49
Forbes (A)	2016	42
Georges River (A)	2016	37
Gilgandra (A)	2016	45
Glen Innes Severn (A)	2016	47
Goulburn Mulwaree (A)	2016	42
Greater Hume Shire (A)	2016	44
Griffith (C)	2016	37
Gundagai (A)	2016	47
Gunnedah (A)	2016	40
Gwydir (A)	2016	48
Hawkesbury (C)	2016	38
Hay (A)	2016	46
Hilltops (A)	2016	44
Hornsby (A)	2016	40
Hunters Hill (A)	2016	43
Inner West (A)	2016	36
Inverell (A)	2016	42
Junee (A)	2016	40
Kempsey (A)	2016	47
Kiama (A)	2016	47
Ku-ring-gai (A)	2016	41
Kyogle (A)	2016	50
Lachlan (A)	2016	40
Lake Macquarie (C)	2016	42
Lane Cove (A)	2016	36
Leeton (A)	2016	40
Lismore (C)	2016	43
Lithgow (C)	2016	45
Liverpool (C)	2016	33
Liverpool Plains (A)	2016	45
Lockhart (A)	2016	46
Maitland (C)	2016	36
Mid-Coast (A)	2016	52
Mid-Western Regional (A)	2016	42
Moree Plains (A)	2016	38
Mosman (A)	2016	42
Murray River (A)	2016	49
Murrumbidgee (A)	2016	41
Muswellbrook (A)	2016	35
Nambucca (A)	2016	51
Narrabri (A)	2016	40
Narrandera (A)	2016	44
Narromine (A)	2016	42
Newcastle (C)	2016	37
North Sydney (A)	2016	37
Northern Beaches (A)	2016	40
Oberon (A)	2016	45
Orange (C)	2016	37
Parkes (A)	2016	41
Parramatta (C)	2016	34
Penrith (C)	2016	34
Port Macquarie-Hastings (A)	2016	48
Port Stephens (A)	2016	45
Queanbeyan-Palerang Regional (A)	2016	38
Randwick (C)	2016	34
Richmond Valley (A)	2016	44
Rockdale (C)	2016	35
Ryde (C)	2016	36
Shellharbour (C)	2016	39
Shoalhaven (C)	2016	48
Singleton (A)	2016	36
Snowy Monaro Regional (A)	2016	43
Snowy Valleys (A)	2016	45
Strathfield (A)	2016	32
Sutherland Shire (A)	2016	40
Sydney (C)	2016	32
Tamworth Regional (A)	2016	40
Temora (A)	2016	46
Tenterfield (A)	2016	53
The Hills Shire (A)	2016	38
Tweed (A)	2016	47
Upper Hunter Shire (A)	2016	41
Upper Lachlan Shire (A)	2016	48
Uralla (A)	2016	46
Wagga Wagga (C)	2016	35
Walcha (A)	2016	48
Walgett (A)	2016	43
Warren (A)	2016	43
Warrumbungle Shire (A)	2016	49
Waverley (A)	2016	35
Weddin (A)	2016	51
Wentworth (A)	2016	44
Western Plains Regional (A)	2016	37
Willoughby (C)	2016	37
Wingecarribee (A)	2016	47
Wollondilly (A)	2016	37
Wollongong (C)	2016	39
Woollahra (A)	2016	39
Yass Valley (A)	2016	42
Unincorporated NSW	2016	41
No usual address (NSW)	2016	39
Migratory - Offshore - Shipping (NSW)	2016	58
Alpine (S)	2016	49
Ararat (RC)	2016	46
Ballarat (C)	2016	38
Banyule (C)	2016	39
Bass Coast (S)	2016	50
Baw Baw (S)	2016	42
Bayside (C)	2016	44
Benalla (RC)	2016	49
Boroondara (C)	2016	38
Brimbank (C)	2016	35
Buloke (S)	2016	51
Campaspe (S)	2016	45
Cardinia (S)	2016	34
Casey (C)	2016	34
Central Goldfields (S)	2016	50
Colac-Otway (S)	2016	45
Corangamite (S)	2016	46
Darebin (C)	2016	36
East Gippsland (S)	2016	50
Frankston (C)	2016	38
Gannawarra (S)	2016	49
Glen Eira (C)	2016	37
Glenelg (S)	2016	47
Golden Plains (S)	2016	39
Greater Bendigo (C)	2016	39
Greater Dandenong (C)	2016	35
Greater Geelong (C)	2016	40
Greater Shepparton (C)	2016	39
Hepburn (S)	2016	50
Hindmarsh (S)	2016	50
Hobsons Bay (C)	2016	38
Horsham (RC)	2016	42
Hume (C)	2016	33
Indigo (S)	2016	46
Kingston (C) (Vic.)	2016	40
Knox (C)	2016	39
Latrobe (C) (Vic.)	2016	41
Loddon (S)	2016	51
Macedon Ranges (S)	2016	42
Manningham (C)	2016	43
Mansfield (S)	2016	48
Maribyrnong (C)	2016	33
Maroondah (C)	2016	38
Melbourne (C)	2016	28
Melton (C)	2016	33
Mildura (RC)	2016	40
Mitchell (S)	2016	37
Moira (S)	2016	47
Monash (C)	2016	37
Moonee Valley (C)	2016	38
Moorabool (S)	2016	40
Moreland (C)	2016	34
Mornington Peninsula (S)	2016	46
Mount Alexander (S)	2016	49
Moyne (S)	2016	43
Murrindindi (S)	2016	48
Nillumbik (S)	2016	41
Northern Grampians (S)	2016	48
Port Phillip (C)	2016	36
Pyrenees (S)	2016	50
Queenscliffe (B)	2016	60
South Gippsland (S)	2016	47
Southern Grampians (S)	2016	46
Stonnington (C)	2016	35
Strathbogie (S)	2016	52
Surf Coast (S)	2016	42
Swan Hill (RC)	2016	40
Towong (S)	2016	50
Wangaratta (RC)	2016	45
Warrnambool (C)	2016	40
Wellington (S)	2016	43
West Wimmera (S)	2016	48
Whitehorse (C)	2016	38
Whittlesea (C)	2016	34
Wodonga (C)	2016	36
Wyndham (C)	2016	32
Yarra (C)	2016	33
Yarra Ranges (S)	2016	40
Yarriambiack (S)	2016	50
Unincorporated Vic	2016	31
No usual address (Vic.)	2016	34
Migratory - Offshore - Shipping (Vic.)	2016	49
Aurukun (S)	2016	28
Balonne (S)	2016	40
Banana (S)	2016	37
Barcaldine (R)	2016	42
Barcoo (S)	2016	46
Blackall-Tambo (R)	2016	47
Boulia (S)	2016	34
Brisbane (C)	2016	35
Bulloo (S)	2016	40
Bundaberg (R)	2016	45
Burdekin (S)	2016	44
Burke (S)	2016	38
Cairns (R)	2016	37
Carpentaria (S)	2016	38
Cassowary Coast (R)	2016	44
Central Highlands (R) (Qld)	2016	33
Charters Towers (R)	2016	40
Cherbourg (S)	2016	21
Cloncurry (S)	2016	34
Cook (S)	2016	41
Croydon (S)	2016	40
Diamantina (S)	2016	30
Doomadgee (S)	2016	21
Douglas (S)	2016	43
Etheridge (S)	2016	45
Flinders (S) (Qld)	2016	44
Fraser Coast (R)	2016	48
Gladstone (R)	2016	35
Gold Coast (C)	2016	38
Goondiwindi (R)	2016	40
Gympie (R)	2016	46
Hinchinbrook (S)	2016	50
Hope Vale (S)	2016	26
Ipswich (C)	2016	32
Isaac (R)	2016	32
Kowanyama (S)	2016	29
Livingstone (S)	2016	42
Lockhart River (S)	2016	26
Lockyer Valley (R)	2016	39
Logan (C)	2016	34
Longreach (R)	2016	40
Mackay (R)	2016	37
McKinlay (S)	2016	39
Mapoon (S)	2016	27
Maranoa (R)	2016	36
Mareeba (S)	2016	43
Moreton Bay (R)	2016	38
Mornington (S)	2016	27
Mount Isa (C)	2016	31
Murweh (S)	2016	39
Napranum (S)	2016	25
Noosa (S)	2016	48
North Burnett (R)	2016	46
Northern Peninsula Area (R)	2016	22
Palm Island (S)	2016	24
Paroo (S)	2016	46
Pormpuraaw (S)	2016	31
Quilpie (S)	2016	41
Redland (C)	2016	41
Richmond (S)	2016	35
Rockhampton (R)	2016	36
Scenic Rim (R)	2016	44
Somerset (R)	2016	43
South Burnett (R)	2016	45
Southern Downs (R)	2016	45
Sunshine Coast (R)	2016	43
Tablelands (R)	2016	47
Toowoomba (R)	2016	38
Torres (S)	2016	28
Torres Strait Island (R)	2016	24
Townsville (C)	2016	34
Weipa (T)	2016	31
Western Downs (R)	2016	37
Whitsunday (R)	2016	38
Winton (S)	2016	46
Woorabinda (S)	2016	23
Wujal Wujal (S)	2016	30
Yarrabah (S)	2016	23
No usual address (Qld)	2016	45
Migratory - Offshore - Shipping (Qld)	2016	56
Adelaide (C)	2016	30
Adelaide Hills (DC)	2016	44
Alexandrina (DC)	2016	51
Anangu Pitjantjatjara (AC)	2016	28
Barossa (DC)	2016	44
Barunga West (DC)	2016	55
Berri and Barmera (DC)	2016	45
Burnside (C)	2016	44
Campbelltown (C) (SA)	2016	41
Ceduna (DC)	2016	39
Charles Sturt (C)	2016	41
Clare and Gilbert Valleys (DC)	2016	47
Cleve (DC)	2016	44
Coober Pedy (DC)	2016	46
Copper Coast (DC)	2016	50
Elliston (DC)	2016	46
Flinders Ranges (DC)	2016	50
Franklin Harbour (DC)	2016	49
Gawler (T)	2016	41
Goyder (DC)	2016	48
Grant (DC)	2016	44
Holdfast Bay (C)	2016	46
Kangaroo Island (DC)	2016	49
Karoonda East Murray (DC)	2016	48
Kimba (DC)	2016	40
Kingston (DC) (SA)	2016	50
Light (RegC)	2016	39
Lower Eyre Peninsula (DC)	2016	43
Loxton Waikerie (DC)	2016	46
Mallala (DC)	2016	42
Maralinga Tjarutja (AC)	2016	35
Marion (C)	2016	39
Mid Murray (DC)	2016	51
Mitcham (C)	2016	42
Mount Barker (DC)	2016	39
Mount Gambier (C)	2016	40
Mount Remarkable (DC)	2016	53
Murray Bridge (RC)	2016	41
Naracoorte and Lucindale (DC)	2016	41
Northern Areas (DC)	2016	48
Norwood Payneham St Peters (C)	2016	40
Onkaparinga (C)	2016	40
Orroroo/Carrieton (DC)	2016	52
Peterborough (DC)	2016	54
Playford (C)	2016	32
Port Adelaide Enfield (C)	2016	37
Port Augusta (C)	2016	39
Port Lincoln (C)	2016	40
Port Pirie City and Dists (M)	2016	44
Prospect (C)	2016	37
Renmark Paringa (DC)	2016	44
Robe (DC)	2016	50
Roxby Downs (M)	2016	30
Salisbury (C)	2016	35
Southern Mallee (DC)	2016	46
Streaky Bay (DC)	2016	45
Tatiara (DC)	2016	42
Tea Tree Gully (C)	2016	41
The Coorong (DC)	2016	46
Tumby Bay (DC)	2016	50
Unley (C)	2016	41
Victor Harbor (C)	2016	58
Wakefield (DC)	2016	44
Walkerville (M)	2016	44
Wattle Range (DC)	2016	46
West Torrens (C)	2016	38
Whyalla (C)	2016	40
Wudinna (DC)	2016	42
Yankalilla (DC)	2016	54
Yorke Peninsula (DC)	2016	55
Unincorporated SA	2016	43
No usual address (SA)	2016	40
Migratory - Offshore - Shipping (SA)	2016	45
Albany (C)	2016	43
Armadale (C)	2016	33
Ashburton (S)	2016	36
Augusta-Margaret River (S)	2016	39
Bassendean (T)	2016	39
Bayswater (C)	2016	37
Belmont (C)	2016	34
Beverley (S)	2016	53
Boddington (S)	2016	39
Boyup Brook (S)	2016	49
Bridgetown-Greenbushes (S)	2016	49
Brookton (S)	2016	48
Broome (S)	2016	33
Broomehill-Tambellup (S)	2016	39
Bruce Rock (S)	2016	47
Bunbury (C)	2016	41
Busselton (C)	2016	42
Cambridge (T)	2016	40
Canning (C)	2016	34
Capel (S)	2016	36
Carnamah (S)	2016	46
Carnarvon (S)	2016	39
Chapman Valley (S)	2016	43
Chittering (S)	2016	43
Claremont (T)	2016	43
Cockburn (C)	2016	35
Collie (S)	2016	41
Coolgardie (S)	2016	33
Coorow (S)	2016	52
Corrigin (S)	2016	44
Cottesloe (T)	2016	42
Cranbrook (S)	2016	46
Cuballing (S)	2016	47
Cue (S)	2016	52
Cunderdin (S)	2016	37
Dalwallinu (S)	2016	38
Dandaragan (S)	2016	48
Dardanup (S)	2016	37
Denmark (S)	2016	49
Derby-West Kimberley (S)	2016	30
Donnybrook-Balingup (S)	2016	47
Dowerin (S)	2016	43
Dumbleyung (S)	2016	42
Dundas (S)	2016	47
East Fremantle (T)	2016	43
East Pilbara (S)	2016	34
Esperance (S)	2016	40
Exmouth (S)	2016	37
Fremantle (C)	2016	42
Gingin (S)	2016	47
Gnowangerup (S)	2016	40
Goomalling (S)	2016	45
Gosnells (C)	2016	34
Greater Geraldton (C)	2016	38
Halls Creek (S)	2016	28
Harvey (S)	2016	38
Irwin (S)	2016	49
Jerramungup (S)	2016	41
Joondalup (C)	2016	40
Kalamunda (S)	2016	39
Kalgoorlie/Boulder (C)	2016	33
Karratha (C)	2016	31
Katanning (S)	2016	40
Kellerberrin (S)	2016	48
Kent (S)	2016	39
Kojonup (S)	2016	44
Kondinin (S)	2016	43
Koorda (S)	2016	47
Kulin (S)	2016	44
Kwinana (C)	2016	32
Lake Grace (S)	2016	40
Laverton (S)	2016	36
Leonora (S)	2016	35
Mandurah (C)	2016	43
Manjimup (S)	2016	45
Meekatharra (S)	2016	35
Melville (C)	2016	41
Menzies (S)	2016	38
Merredin (S)	2016	38
Mingenew (S)	2016	42
Moora (S)	2016	41
Morawa (S)	2016	38
Mosman Park (T)	2016	40
Mount Magnet (S)	2016	42
Mount Marshall (S)	2016	42
Mukinbudin (S)	2016	43
Mundaring (S)	2016	42
Murchison (S)	2016	37
Murray (S)	2016	44
Nannup (S)	2016	53
Narembeen (S)	2016	46
Narrogin (S)	2016	40
Nedlands (C)	2016	41
Ngaanyatjarraku (S)	2016	29
Northam (S)	2016	42
Northampton (S)	2016	51
Nungarin (S)	2016	44
Peppermint Grove (S)	2016	39
Perenjori (S)	2016	42
Perth (C)	2016	32
Pingelly (S)	2016	50
Plantagenet (S)	2016	46
Port Hedland (T)	2016	31
Quairading (S)	2016	52
Ravensthorpe (S)	2016	45
Rockingham (C)	2016	34
Sandstone (S)	2016	58
Serpentine-Jarrahdale (S)	2016	32
Shark Bay (S)	2016	43
South Perth (C)	2016	37
Stirling (C)	2016	36
Subiaco (C)	2016	36
Swan (C)	2016	34
Tammin (S)	2016	38
Three Springs (S)	2016	40
Toodyay (S)	2016	51
Trayning (S)	2016	50
Upper Gascoyne (S)	2016	26
Victoria Park (T)	2016	34
Victoria Plains (S)	2016	45
Vincent (C)	2016	34
Wagin (S)	2016	49
Wandering (S)	2016	47
Wanneroo (C)	2016	33
Waroona (S)	2016	45
West Arthur (S)	2016	47
Westonia (S)	2016	42
Wickepin (S)	2016	46
Williams (S)	2016	43
Wiluna (S)	2016	35
Wongan-Ballidu (S)	2016	41
Woodanilling (S)	2016	43
Wyalkatchem (S)	2016	53
Wyndham-East Kimberley (S)	2016	33
Yalgoo (S)	2016	39
Yilgarn (S)	2016	45
York (S)	2016	51
No usual address (WA)	2016	41
Migratory - Offshore - Shipping (WA)	2016	40
Break O'Day (M)	2016	54
Brighton (M)	2016	34
Burnie (C)	2016	41
Central Coast (M) (Tas.)	2016	46
Central Highlands (M) (Tas.)	2016	50
Circular Head (M)	2016	41
Clarence (C)	2016	43
Derwent Valley (M)	2016	43
Devonport (C)	2016	43
Dorset (M)	2016	48
Flinders (M) (Tas.)	2016	53
George Town (M)	2016	46
Glamorgan/Spring Bay (M)	2016	56
Glenorchy (C)	2016	39
Hobart (C)	2016	39
Huon Valley (M)	2016	45
Kentish (M)	2016	47
King Island (M)	2016	47
Kingborough (M)	2016	42
Latrobe (M) (Tas.)	2016	47
Launceston (C)	2016	39
Meander Valley (M)	2016	45
Northern Midlands (M)	2016	46
Sorell (M)	2016	42
Southern Midlands (M)	2016	44
Tasman (M)	2016	55
Waratah/Wynyard (M)	2016	46
West Coast (M)	2016	44
West Tamar (M)	2016	45
No usual address (Tas.)	2016	38
Migratory - Offshore - Shipping (Tas.)	2016	41
Alice Springs (T)	2016	35
Barkly (R)	2016	28
Belyuen (S)	2016	30
Central Desert (R)	2016	28
Coomalie (S)	2016	46
Darwin (C)	2016	34
East Arnhem (R)	2016	25
Katherine (T)	2016	33
Litchfield (M)	2016	37
MacDonnell (R)	2016	29
Palmerston (C)	2016	30
Roper Gulf (R)	2016	26
Tiwi Islands (R)	2016	30
Victoria Daly (R)	2016	27
Wagait (S)	2016	48
West Arnhem (R)	2016	28
West Daly (R)	2016	24
Unincorporated NT	2016	34
No usual address (NT)	2016	44
Migratory - Offshore - Shipping (NT)	2016	36
Unincorporated ACT	2016	35
No usual address (ACT)	2016	36
Migratory - Offshore - Shipping (ACT)	2016	0
Unincorp. Other Territories	2016	42
No usual address (OT)	2016	42
Migratory - Offshore - Shipping (OT)	2016	39
